issue,ADM3_PCODE,provincia_sat,canton_sat,parroquia_sat,sat_personas,censo_personas,censo_nbi_personas_viviendas_particulares,censo_personas_minus_sat_personas,censo_nbi_personas_minus_sat_personas
missing_election,EC050653,Cotopaxi,Saquisilí,Cochapamba,2554,2554.0,2554.0,0.0,0.0
missing_election,EC130252,Manabí,Bolívar,Quiroga,3552,3552.0,3552.0,0.0,0.0
missing_election,EC170150,Pichincha,Distrito Metropolitano de Quito,Quito,1772665,1776364.0,1772665.0,3699.0,0.0
missing_election,EC130251,Manabí,Bolívar,Membrillo,3573,3573.0,3573.0,0.0,0.0
missing_election,EC130653,Manabí,Jipijapa,Julcuy,1816,1816.0,1816.0,0.0,0.0
missing_election,EC200152,Galápagos,San Cristóbal,Isla Santa María Floreana,145,145.0,145.0,0.0,0.0
missing_election,EC200351,Galápagos,Santa Cruz,Bella Vista,3928,3933.0,3928.0,5.0,0.0
missing_election,EC200352,Galápagos,Santa Cruz,Santa Rosa,560,563.0,560.0,3.0,0.0
missing_election,EC080562,Esmeraldas,San Lorenzo,Urbina,511,511.0,511.0,0.0,0.0
sat_personas_differs_from_total_population,EC030750,Cañar,Suscal,Suscal,4622,4627.0,4622.0,5.0,0.0
sat_personas_differs_from_total_population,EC080256,Esmeraldas,Eloy Alfaro,Maldonado,2097,2100.0,2097.0,3.0,0.0
sat_personas_differs_from_total_population,EC090653,Guayas,Daule,Laurel,10540,10558.0,10540.0,18.0,0.0
sat_personas_differs_from_total_population,EC091452,Guayas,Pedro Carbo,Sabanilla,8012,8021.0,8012.0,9.0,0.0
sat_personas_differs_from_total_population,EC091953,Guayas,Salitre,Junquillal,12678,12680.0,12678.0,2.0,0.0
sat_personas_differs_from_total_population,EC100253,Imbabura,Antonio Ante,San José de Chaltura,3836,3862.0,3836.0,26.0,0.0
sat_personas_differs_from_total_population,EC111160,Loja,Saraguro,Sumaypamba,1513,1514.0,1513.0,1.0,0.0
sat_personas_differs_from_total_population,EC131053,Manabí,Paján,Guale,4726,4727.0,4726.0,1.0,0.0
sat_personas_differs_from_total_population,EC240155,Santa Elena,Santa Elena,Simón Bolívar,4381,4384.0,4381.0,3.0,0.0
sat_personas_differs_from_total_population,EC240351,Santa Elena,Salinas,Anconcito,15047,15052.0,15047.0,5.0,0.0
sat_personas_differs_from_total_population,EC210454,Sucumbíos,Shushufindi,San Pedro de los Cofánes,3636,3644.0,3636.0,8.0,0.0
sat_personas_differs_from_total_population,EC010554,Azuay,Paute,El Cabo,3361,3366.0,3361.0,5.0,0.0
sat_personas_differs_from_total_population,EC170254,Pichincha,Cayambe,Otón,3166,3167.0,3166.0,1.0,0.0
sat_personas_differs_from_total_population,EC010156,Azuay,Cuenca,Llacao,7464,7468.0,7464.0,4.0,0.0
sat_personas_differs_from_total_population,EC141150,Morona Santiago,Pablo Sexto,Pablo Sexto,2263,2267.0,2263.0,4.0,0.0
sat_personas_differs_from_total_population,EC060155,Chimborazo,Riobamba,Licán,11723,11726.0,11723.0,3.0,0.0
sat_personas_differs_from_total_population,EC170255,Pichincha,Cayambe,Santa Rosa de Cuzubamba,5992,5996.0,5992.0,4.0,0.0
sat_personas_differs_from_total_population,EC170163,Pichincha,Distrito Metropolitano de Quito,Guayllabamba,20511,20584.0,20511.0,73.0,0.0
sat_personas_differs_from_total_population,EC210153,Sucumbíos,Lago Agrio,General Farfán,6666,6681.0,6666.0,15.0,0.0
sat_personas_differs_from_total_population,EC011150,Azuay,Chordeleg,Chordeleg,6814,6907.0,6814.0,93.0,0.0
sat_personas_differs_from_total_population,EC030451,Cañar,La Troncal,Manuel J. Calle,4720,4732.0,4720.0,12.0,0.0
sat_personas_differs_from_total_population,EC070152,El Oro,Machala,El Retiro,4483,4538.0,4483.0,55.0,0.0
sat_personas_differs_from_total_population,EC170165,Pichincha,Distrito Metropolitano de Quito,Llano Chico,15109,15113.0,15109.0,4.0,0.0
sat_personas_differs_from_total_population,EC060158,Chimborazo,Riobamba,Punín,4681,4682.0,4681.0,1.0,0.0
sat_personas_differs_from_total_population,EC010559,Azuay,Paute,San Cristóbal,2805,2819.0,2805.0,14.0,0.0
sat_personas_differs_from_total_population,EC080253,Esmeraldas,Eloy Alfaro,Borbón,9057,9079.0,9057.0,22.0,0.0
sat_personas_differs_from_total_population,EC010550,Azuay,Paute,Paute,11457,11497.0,11457.0,40.0,0.0
sat_personas_differs_from_total_population,EC071050,El Oro,Piñas,Piñas,20471,20479.0,20471.0,8.0,0.0
sat_personas_differs_from_total_population,EC170186,Pichincha,Distrito Metropolitano de Quito,Zámbiza,6152,6160.0,6152.0,8.0,0.0
sat_personas_differs_from_total_population,EC150450,Napo,El Chaco,El Chaco,5601,5624.0,5601.0,23.0,0.0
sat_personas_differs_from_total_population,EC010162,Azuay,Cuenca,Ricaurte,26904,26919.0,26904.0,15.0,0.0
sat_personas_differs_from_total_population,EC100157,Imbabura,Ibarra,San Antonio,21370,21420.0,21370.0,50.0,0.0
sat_personas_differs_from_total_population,EC030158,Cañar,Azogues,San Miguel,3614,3615.0,3614.0,1.0,0.0
sat_personas_differs_from_total_population,EC010850,Azuay,Santa Isabel,Santa Isabel,10406,10410.0,10406.0,4.0,0.0
sat_personas_differs_from_total_population,EC050555,Cotopaxi,Salcedo,Pansaleo,4075,4126.0,4075.0,51.0,0.0
sat_personas_differs_from_total_population,EC240153,Santa Elena,Santa Elena,Chanduy,20544,20558.0,20544.0,14.0,0.0
sat_personas_differs_from_total_population,EC170451,Pichincha,Pedro Moncayo,La Esperanza,4689,4701.0,4689.0,12.0,0.0
sat_personas_differs_from_total_population,EC010553,Azuay,Paute,Chicán,3392,3394.0,3392.0,2.0,0.0
sat_personas_differs_from_total_population,EC240352,Santa Elena,Salinas,José Luis Tamayo,36660,36668.0,36660.0,8.0,0.0
sat_personas_differs_from_total_population,EC170160,Pichincha,Distrito Metropolitano de Quito,El Quinche,18463,18485.0,18463.0,22.0,0.0
sat_personas_differs_from_total_population,EC050453,Cotopaxi,Pujilí,Guangaje,4109,4113.0,4109.0,4.0,0.0
sat_personas_differs_from_total_population,EC100151,Imbabura,Ibarra,Ambuquí,6142,6143.0,6142.0,1.0,0.0
sat_personas_differs_from_total_population,EC100250,Imbabura,Antonio Ante,Atuntaqui,28066,28099.0,28066.0,33.0,0.0
sat_personas_differs_from_total_population,EC120250,Los Ríos,Baba,Baba,21564,21574.0,21564.0,10.0,0.0
sat_personas_differs_from_total_population,EC140550,Morona Santiago,Santiago,Santiago de Méndez,3358,3366.0,3358.0,8.0,0.0
sat_personas_differs_from_total_population,EC170178,Pichincha,Distrito Metropolitano de Quito,Puéllaro,5152,5155.0,5152.0,3.0,0.0
sat_personas_differs_from_total_population,EC100451,Imbabura,Otavalo,Dr. Miguel Egas Cabezas,6913,6914.0,6913.0,1.0,0.0
sat_personas_differs_from_total_population,EC170159,Pichincha,Distrito Metropolitano de Quito,Checa,11455,11492.0,11455.0,37.0,0.0
sat_personas_differs_from_total_population,EC030350,Cañar,Cañar,Cañar,17183,17305.0,17183.0,122.0,0.0
sat_personas_differs_from_total_population,EC040153,Carchi,Tulcán,Julio Andrade,10593,10594.0,10593.0,1.0,0.0
sat_personas_differs_from_total_population,EC110153,Loja,Loja,El Cisne,1622,1639.0,1622.0,17.0,0.0
sat_personas_differs_from_total_population,EC020350,Bolívar,Chimbo,San José de Chimbo,6015,6020.0,6015.0,5.0,0.0
sat_personas_differs_from_total_population,EC060250,Chimborazo,Alausí,Alausí,10102,10303.0,10102.0,201.0,0.0
sat_personas_differs_from_total_population,EC030250,Cañar,Biblián,Biblián,12375,12379.0,12375.0,4.0,0.0
sat_personas_differs_from_total_population,EC100156,Imbabura,Ibarra,Salinas,2367,2374.0,2367.0,7.0,0.0
sat_personas_differs_from_total_population,EC092450,Guayas,Lomas de Sargentillo,Lomas de Sargentillo,22188,22254.0,22188.0,66.0,0.0
sat_personas_differs_from_total_population,EC210355,Sucumbíos,Putumayo,Sansahuari,2667,2669.0,2667.0,2.0,0.0
sat_personas_differs_from_total_population,EC220350,Orellana,La Joya de los Sachas,La Joya de los Sachas,25968,25989.0,25968.0,21.0,0.0
sat_personas_differs_from_total_population,EC240350,Santa Elena,Salinas,Salinas,35048,35081.0,35048.0,33.0,0.0
sat_personas_differs_from_total_population,EC092056,Guayas,San Jacinto de Yaguachi,Virgen de Fátima,18180,18184.0,18180.0,4.0,0.0
sat_personas_differs_from_total_population,EC010251,Azuay,Girón,La Asunción,2681,2683.0,2681.0,2.0,0.0
sat_personas_differs_from_total_population,EC170183,Pichincha,Distrito Metropolitano de Quito,Tababela,3846,3851.0,3846.0,5.0,0.0
sat_personas_differs_from_total_population,EC040158,Carchi,Tulcán,Urbina,1769,1770.0,1769.0,1.0,0.0
sat_personas_differs_from_total_population,EC060154,Chimborazo,Riobamba,Flores,2731,2733.0,2731.0,2.0,0.0
sat_personas_differs_from_total_population,EC060350,Chimborazo,Colta,Villa la Unión,14387,14392.0,14387.0,5.0,0.0
sat_personas_differs_from_total_population,EC091450,Guayas,Pedro Carbo,Pedro Carbo,38306,38405.0,38306.0,99.0,0.0
sat_personas_differs_from_total_population,EC100455,Imbabura,Otavalo,San José de Quichinche,8435,8458.0,8435.0,23.0,0.0
sat_personas_differs_from_total_population,EC060161,Chimborazo,Riobamba,San Luis,19061,19510.0,19061.0,449.0,0.0
sat_personas_differs_from_total_population,EC040650,Carchi,San Pedro de Huaca,Huaca,6391,6455.0,6391.0,64.0,0.0
sat_personas_differs_from_total_population,EC180755,Tungurahua,San Pedro de Pelileo,El Rosario,2674,2675.0,2674.0,1.0,0.0
sat_personas_differs_from_total_population,EC240250,Santa Elena,La Libertad,La Libertad,112114,112247.0,112114.0,133.0,0.0
sat_personas_differs_from_total_population,EC071250,El Oro,Santa Rosa,Santa Rosa,61430,61493.0,61430.0,63.0,0.0
sat_personas_differs_from_total_population,EC240156,Santa Elena,Santa Elena,San José de Ancón,7895,7918.0,7895.0,23.0,0.0
sat_personas_differs_from_total_population,EC140450,Morona Santiago,Palora,Palora,6706,6717.0,6706.0,11.0,0.0
sat_personas_differs_from_total_population,EC040353,Carchi,Espejo,San Isidro,2982,2983.0,2982.0,1.0,0.0
sat_personas_differs_from_total_population,EC110350,Loja,Catamayo,Catamayo,28123,28127.0,28123.0,4.0,0.0
sat_personas_differs_from_total_population,EC170170,Pichincha,Distrito Metropolitano de Quito,Nayón,22052,22065.0,22052.0,13.0,0.0
sat_personas_differs_from_total_population,EC010154,Azuay,Cuenca,Checa,3184,3204.0,3184.0,20.0,0.0
sat_personas_differs_from_total_population,EC070450,El Oro,Balsas,Balsas,6283,6289.0,6283.0,6.0,0.0
sat_personas_differs_from_total_population,EC150750,Napo,Quijos,Baeza,2243,2256.0,2243.0,13.0,0.0
sat_personas_differs_from_total_population,EC070250,El Oro,Arenillas,Arenillas,23915,23919.0,23915.0,4.0,0.0
sat_personas_differs_from_total_population,EC010167,Azuay,Cuenca,Sinincay,26720,26725.0,26720.0,5.0,0.0
sat_personas_differs_from_total_population,EC210554,Sucumbíos,Sucumbíos,Santa Bárbara,597,599.0,597.0,2.0,0.0
sat_personas_differs_from_total_population,EC090156,Guayas,Guayaquil,Posorja,33691,33709.0,33691.0,18.0,0.0
sat_personas_differs_from_total_population,EC091350,Guayas,Palestina,Palestina,17991,18019.0,17991.0,28.0,0.0
sat_personas_differs_from_total_population,EC030150,Cañar,Azogues,Azogues,40922,41249.0,40922.0,327.0,0.0
sat_personas_differs_from_total_population,EC050652,Cotopaxi,Saquisilí,Chantilín,2125,2129.0,2125.0,4.0,0.0
sat_personas_differs_from_total_population,EC091950,Guayas,Salitre,El Salitre,30540,30549.0,30540.0,9.0,0.0
sat_personas_differs_from_total_population,EC100350,Imbabura,Cotacachi,Cotacachi,21362,21414.0,21362.0,52.0,0.0
sat_personas_differs_from_total_population,EC080556,Esmeraldas,San Lorenzo,Concepción,1976,1980.0,1976.0,4.0,0.0
sat_personas_differs_from_total_population,EC050455,Cotopaxi,Pujilí,La Victoria,3556,3561.0,3556.0,5.0,0.0
sat_personas_differs_from_total_population,EC040250,Carchi,Bolívar,Bolívar,5872,5873.0,5872.0,1.0,0.0
sat_personas_differs_from_total_population,EC091951,Guayas,Salitre,General Vernaza,10518,10522.0,10518.0,4.0,0.0
sat_personas_differs_from_total_population,EC060550,Chimborazo,Chunchi,Chunchi,6796,6828.0,6796.0,32.0,0.0
sat_personas_differs_from_total_population,EC040550,Carchi,Montúfar,San Gabriel,20567,20576.0,20567.0,9.0,0.0
sat_personas_differs_from_total_population,EC040450,Carchi,Mira,Mira,6701,6706.0,6701.0,5.0,0.0
sat_personas_differs_from_total_population,EC170179,Pichincha,Distrito Metropolitano de Quito,Puembo,17779,17780.0,17779.0,1.0,0.0
sat_personas_differs_from_total_population,EC210350,Sucumbíos,Putumayo,Puerto el Carmen de Putumayo,3066,3090.0,3066.0,24.0,0.0
sat_personas_differs_from_total_population,EC050157,Cotopaxi,Latacunga,Once de Noviembre,3230,3233.0,3230.0,3.0,0.0
sat_personas_differs_from_total_population,EC090852,Guayas,El Empalme,El Rosario,10080,10081.0,10080.0,1.0,0.0
sat_personas_differs_from_total_population,EC071355,El Oro,Zaruma,Huertas,2308,2310.0,2308.0,2.0,0.0
sat_personas_differs_from_total_population,EC170177,Pichincha,Distrito Metropolitano de Quito,Pomasqui,36749,36883.0,36749.0,134.0,0.0
sat_personas_differs_from_total_population,EC030550,Cañar,El Tambo,El Tambo,9264,9285.0,9264.0,21.0,0.0
sat_personas_differs_from_total_population,EC160252,Pastaza,Mera,Shell,9441,9494.0,9441.0,53.0,0.0
sat_personas_differs_from_total_population,EC070850,El Oro,Marcabelí,Marcabelí,6603,6614.0,6603.0,11.0,0.0
sat_personas_differs_from_total_population,EC100452,Imbabura,Otavalo,Eugenio Espejo,8809,8812.0,8809.0,3.0,0.0
sat_personas_differs_from_total_population,EC010950,Azuay,Sígsig,Sígsig,10655,10656.0,10655.0,1.0,0.0
sat_personas_differs_from_total_population,EC090550,Guayas,Colimes,Colimes,20299,20339.0,20299.0,40.0,0.0
sat_personas_differs_from_total_population,EC210150,Sucumbíos,Lago Agrio,Nueva Loja,64904,65791.0,64904.0,887.0,0.0
sat_personas_differs_from_total_population,EC210158,Sucumbíos,Lago Agrio,Santa Cecilia,8662,8669.0,8662.0,7.0,0.0
sat_personas_differs_from_total_population,EC011450,Azuay,Guachapala,Guachapala,3582,3586.0,3582.0,4.0,0.0
sat_personas_differs_from_total_population,EC100254,Imbabura,Antonio Ante,San Roque,12215,12226.0,12215.0,11.0,0.0
sat_personas_differs_from_total_population,EC071350,El Oro,Zaruma,Zaruma,11530,11592.0,11530.0,62.0,0.0
sat_personas_differs_from_total_population,EC170352,Pichincha,Mejía,Aloasí,12526,12530.0,12526.0,4.0,0.0
sat_personas_differs_from_total_population,EC010359,Azuay,Gualaceo,Luis Cordero Vega,2668,2670.0,2668.0,2.0,0.0
sat_personas_differs_from_total_population,EC091152,Guayas,Naranjal,San Carlos,9398,9404.0,9398.0,6.0,0.0
sat_personas_differs_from_total_population,EC060354,Chimborazo,Colta,Santiago de Quito,3183,3188.0,3183.0,5.0,0.0
sat_personas_differs_from_total_population,EC040252,Carchi,Bolívar,Los Andes,2535,2536.0,2535.0,1.0,0.0
sat_personas_differs_from_total_population,EC160250,Pastaza,Mera,Mera,1883,1909.0,1883.0,26.0,0.0
sat_personas_differs_from_total_population,EC160450,Pastaza,Arajuno,Arajuno,5687,5690.0,5687.0,3.0,0.0
sat_personas_differs_from_total_population,EC170180,Pichincha,Distrito Metropolitano de Quito,San Antonio,49846,49984.0,49846.0,138.0,0.0
sat_personas_differs_from_total_population,EC040451,Carchi,Mira,Concepción,2657,2680.0,2657.0,23.0,0.0
sat_personas_differs_from_total_population,EC131951,Manabí,Puerto López,Machalilla,6301,6303.0,6301.0,2.0,0.0
sat_personas_differs_from_total_population,EC240150,Santa Elena,Santa Elena,Santa Elena,72545,72598.0,72545.0,53.0,0.0
sat_personas_differs_from_total_population,EC180158,Tungurahua,Ambato,Montalvo,6187,6193.0,6187.0,6.0,0.0
sat_personas_differs_from_total_population,EC111050,Loja,Puyango,Alamor,8983,8987.0,8983.0,4.0,0.0
sat_personas_differs_from_total_population,EC091850,Guayas,Santa Lucía,Santa Lucía,43691,43700.0,43691.0,9.0,0.0
sat_personas_differs_from_total_population,EC130454,Manabí,El Carmen,El Paraíso la 14,11953,11964.0,11953.0,11.0,0.0
sat_personas_differs_from_total_population,EC091250,Guayas,Naranjito,Naranjito,44130,44169.0,44130.0,39.0,0.0
sat_personas_differs_from_total_population,EC060450,Chimborazo,Chambo,Chambo,13399,13431.0,13399.0,32.0,0.0
sat_personas_differs_from_total_population,EC190553,Zamora Chinchipe,Yantzaza,Los Encuentros,4131,4132.0,4131.0,1.0,0.0
sat_personas_differs_from_total_population,EC180155,Tungurahua,Ambato,Huachi Grande,15766,15782.0,15766.0,16.0,0.0
sat_personas_differs_from_total_population,EC091154,Guayas,Naranjal,Taura,9450,9467.0,9450.0,17.0,0.0
sat_personas_differs_from_total_population,EC030450,Cañar,La Troncal,La Troncal,46421,46505.0,46421.0,84.0,0.0
sat_personas_differs_from_total_population,EC150155,Napo,Tena,Puerto Misahuallí,4865,4868.0,4865.0,3.0,0.0
sat_personas_differs_from_total_population,EC210450,Sucumbíos,Shushufindi,Shushufindi,30729,30747.0,30729.0,18.0,0.0
sat_personas_differs_from_total_population,EC110156,Loja,Loja,Malacatos,8605,8669.0,8605.0,64.0,0.0
sat_personas_differs_from_total_population,EC071150,El Oro,Portovelo,Portovelo,11376,11389.0,11376.0,13.0,0.0
sat_personas_differs_from_total_population,EC070254,El Oro,Arenillas,Palmales,3382,3385.0,3382.0,3.0,0.0
sat_personas_differs_from_total_population,EC170156,Pichincha,Distrito Metropolitano de Quito,Conocoto,127486,127815.0,127486.0,329.0,0.0
sat_personas_differs_from_total_population,EC180152,Tungurahua,Ambato,Atahualpa,14226,14231.0,14226.0,5.0,0.0
sat_personas_differs_from_total_population,EC190550,Zamora Chinchipe,Yantzaza,Yantzaza,16346,16375.0,16346.0,29.0,0.0
sat_personas_differs_from_total_population,EC180350,Tungurahua,Cevallos,Cevallos,10404,10433.0,10404.0,29.0,0.0
sat_personas_differs_from_total_population,EC060650,Chimborazo,Guamote,Guamote,19374,19382.0,19374.0,8.0,0.0
sat_personas_differs_from_total_population,EC180163,Tungurahua,Ambato,San Bartolomé de Pinllo,10229,10240.0,10229.0,11.0,0.0
sat_personas_differs_from_total_population,EC100450,Imbabura,Otavalo,Otavalo,55515,55534.0,55515.0,19.0,0.0
sat_personas_differs_from_total_population,EC060160,Chimborazo,Riobamba,San Juan,6306,6309.0,6306.0,3.0,0.0
sat_personas_differs_from_total_population,EC090650,Guayas,Daule,Daule,183206,183399.0,183206.0,193.0,0.0
sat_personas_differs_from_total_population,EC180156,Tungurahua,Ambato,Izamba,21352,22218.0,21352.0,866.0,0.0
sat_personas_differs_from_total_population,EC020550,Bolívar,San Miguel,San Miguel,13944,14040.0,13944.0,96.0,0.0
sat_personas_differs_from_total_population,EC170151,Pichincha,Distrito Metropolitano de Quito,Alangasí,34434,34655.0,34434.0,221.0,0.0
sat_personas_differs_from_total_population,EC150150,Napo,Tena,Tena,39535,39578.0,39535.0,43.0,0.0
sat_personas_differs_from_total_population,EC160150,Pastaza,Pastaza,Puyo,39372,39473.0,39372.0,101.0,0.0
sat_personas_differs_from_total_population,EC160163,Pastaza,Pastaza,Tarqui,14209,14242.0,14209.0,33.0,0.0
sat_personas_differs_from_total_population,EC010169,Azuay,Cuenca,Turi,12690,13901.0,12690.0,1211.0,0.0
sat_personas_differs_from_total_population,EC120850,Los Ríos,Vinces,Vinces,63515,63527.0,63515.0,12.0,0.0
sat_personas_differs_from_total_population,EC180750,Tungurahua,San Pedro de Pelileo,Pelileo,28061,28073.0,28061.0,12.0,0.0
sat_personas_differs_from_total_population,EC091050,Guayas,Milagro,Milagro,173358,173407.0,173358.0,49.0,0.0
sat_personas_differs_from_total_population,EC070150,El Oro,Machala,Machala,300360,301771.0,300360.0,1411.0,0.0
sat_personas_differs_from_total_population,EC170155,Pichincha,Distrito Metropolitano de Quito,Calderón,250775,250877.0,250775.0,102.0,0.0
sat_personas_differs_from_total_population,EC050650,Cotopaxi,Saquisilí,Saquisilí,16156,16163.0,16156.0,7.0,0.0
sat_personas_differs_from_total_population,EC180153,Tungurahua,Ambato,Augusto N. Martínez,8469,8474.0,8469.0,5.0,0.0
sat_personas_differs_from_total_population,EC131950,Manabí,Puerto López,Puerto López,13411,13489.0,13411.0,78.0,0.0
sat_personas_differs_from_total_population,EC090950,Guayas,El Triunfo,El Triunfo,60262,60541.0,60262.0,279.0,0.0
sat_personas_differs_from_total_population,EC180850,Tungurahua,Santiago de Píllaro,Píllaro,15975,16012.0,15975.0,37.0,0.0
sat_personas_differs_from_total_population,EC090450,Guayas,Balzar,Balzar,57806,57829.0,57806.0,23.0,0.0
sat_personas_differs_from_total_population,EC150950,Napo,Carlos Julio Arosemena Tola,Carlos Julio Arosemena Tola,4646,4647.0,4646.0,1.0,0.0
sat_personas_differs_from_total_population,EC111450,Loja,Pindal,Pindal,4392,4393.0,4392.0,1.0,0.0
sat_personas_differs_from_total_population,EC120452,Los Ríos,Puebloviejo,San Juan,20763,20768.0,20763.0,5.0,0.0
sat_personas_differs_from_total_population,EC050550,Cotopaxi,Salcedo,San Miguel,39069,39101.0,39069.0,32.0,0.0
sat_personas_differs_from_total_population,EC170171,Pichincha,Distrito Metropolitano de Quito,Nono,2935,2938.0,2935.0,3.0,0.0
sat_personas_differs_from_total_population,EC170450,Pichincha,Pedro Moncayo,Tabacundo,21006,21157.0,21006.0,151.0,0.0
sat_personas_differs_from_total_population,EC170550,Pichincha,Rumiñahui,Sangolquí,102748,102863.0,102748.0,115.0,0.0
sat_personas_differs_from_total_population,EC120150,Los Ríos,Babahoyo,Babahoyo,111724,112033.0,111724.0,309.0,0.0
sat_personas_differs_from_total_population,EC140750,Morona Santiago,Huamboya,Huamboya,4061,4083.0,4061.0,22.0,0.0
sat_personas_differs_from_total_population,EC230250,Santo Domingo de los Tsáchilas,La Concordia,La Concordia,37172,37178.0,37172.0,6.0,0.0
sat_personas_differs_from_total_population,EC070650,El Oro,El Guabo,El Guabo,35307,35467.0,35307.0,160.0,0.0
sat_personas_differs_from_total_population,EC020159,Bolívar,Guaranda,Simiátug,9406,9412.0,9406.0,6.0,0.0
sat_personas_differs_from_total_population,EC180159,Tungurahua,Ambato,Pasa,4228,4238.0,4228.0,10.0,0.0
sat_personas_differs_from_total_population,EC010450,Azuay,Nabón,Nabón,9079,9097.0,9079.0,18.0,0.0
sat_personas_differs_from_total_population,EC180550,Tungurahua,Patate,Patate,8680,8743.0,8680.0,63.0,0.0
sat_personas_differs_from_total_population,EC050161,Cotopaxi,Latacunga,Tanicuchí,15502,15509.0,15502.0,7.0,0.0
sat_personas_differs_from_total_population,EC170157,Pichincha,Distrito Metropolitano de Quito,Cumbayá,41752,41819.0,41752.0,67.0,0.0
sat_personas_differs_from_total_population,EC190650,Zamora Chinchipe,El Pangui,El Pangui,8312,8336.0,8312.0,24.0,0.0
sat_personas_differs_from_total_population,EC180450,Tungurahua,Mocha,Mocha,5817,5820.0,5817.0,3.0,0.0
sat_personas_differs_from_total_population,EC060352,Chimborazo,Colta,Columbe,9130,9132.0,9130.0,2.0,0.0
sat_personas_differs_from_total_population,EC010350,Azuay,Gualaceo,Gualaceo,22004,22019.0,22004.0,15.0,0.0
sat_personas_differs_from_total_population,EC091650,Guayas,Samborondón,Samborondón,81835,81854.0,81835.0,19.0,0.0
sat_personas_differs_from_total_population,EC092150,Guayas,Playas,General Villamil,58635,58768.0,58635.0,133.0,0.0
sat_personas_differs_from_total_population,EC111150,Loja,Saraguro,Saraguro,9675,9679.0,9675.0,4.0,0.0
sat_personas_differs_from_total_population,EC170154,Pichincha,Distrito Metropolitano de Quito,Calacalí,4963,4964.0,4963.0,1.0,0.0
sat_personas_differs_from_total_population,EC100154,Imbabura,Ibarra,La Esperanza,8589,8681.0,8589.0,92.0,0.0
sat_personas_differs_from_total_population,EC170351,Pichincha,Mejía,Aloag,10289,10319.0,10289.0,30.0,0.0
sat_personas_differs_from_total_population,EC140250,Morona Santiago,Gualaquiza,Gualaquiza,12319,12323.0,12319.0,4.0,0.0
sat_personas_differs_from_total_population,EC060750,Chimborazo,Guano,Guano,22688,22764.0,22688.0,76.0,0.0
sat_personas_differs_from_total_population,EC131650,Manabí,24 de Mayo,Sucre,15640,15645.0,15640.0,5.0,0.0
sat_personas_differs_from_total_population,EC170184,Pichincha,Distrito Metropolitano de Quito,Tumbaco,79011,79109.0,79011.0,98.0,0.0
sat_personas_differs_from_total_population,EC170353,Pichincha,Mejía,Cutuglahua,25418,25422.0,25418.0,4.0,0.0
sat_personas_differs_from_total_population,EC050162,Cotopaxi,Latacunga,Toacaso,11035,11037.0,11035.0,2.0,0.0
sat_personas_differs_from_total_population,EC180161,Tungurahua,Ambato,Pilagüín (PILAHUÍN),11440,11450.0,11440.0,10.0,0.0
sat_personas_differs_from_total_population,EC090350,Guayas,Balao,Balao,25649,25655.0,25649.0,6.0,0.0
sat_personas_differs_from_total_population,EC070950,El Oro,Pasaje,Pasaje,60886,60966.0,60886.0,80.0,0.0
sat_personas_differs_from_total_population,EC011050,Azuay,Oña,San Felipe de Oña,2453,2456.0,2453.0,3.0,0.0
sat_personas_differs_from_total_population,EC100550,Imbabura,Pimampiro,Pimampiro,10064,10076.0,10064.0,12.0,0.0
sat_personas_differs_from_total_population,EC180165,Tungurahua,Ambato,Santa Rosa,28200,28210.0,28200.0,10.0,0.0
sat_personas_differs_from_total_population,EC111350,Loja,Zapotillo,Zapotillo,5835,5851.0,5835.0,16.0,0.0
sat_personas_differs_from_total_population,EC131952,Manabí,Puerto López,Salango,5824,5838.0,5824.0,14.0,0.0
sat_personas_differs_from_total_population,EC050751,Cotopaxi,Sigchos,Chugchillán,6064,6075.0,6064.0,11.0,0.0
sat_personas_differs_from_total_population,EC170185,Pichincha,Distrito Metropolitano de Quito,Yaruquí,26527,26564.0,26527.0,37.0,0.0
sat_personas_differs_from_total_population,EC170164,Pichincha,Distrito Metropolitano de Quito,La Merced,11436,11438.0,11436.0,2.0,0.0
sat_personas_differs_from_total_population,EC010150,Azuay,Cuenca,Cuenca,360524,361524.0,360524.0,1000.0,0.0
sat_personas_differs_from_total_population,EC100650,Imbabura,San Miguel de Urcuquí,Urcuquí,6548,6551.0,6548.0,3.0,0.0
sat_personas_differs_from_total_population,EC050153,Cotopaxi,Latacunga,Guaytacama,11013,15158.0,11013.0,4145.0,0.0
sat_personas_differs_from_total_population,EC170252,Pichincha,Cayambe,Cangahua,18031,18037.0,18031.0,6.0,0.0
sat_personas_differs_from_total_population,EC050250,Cotopaxi,La Maná,La Maná,47939,47967.0,47939.0,28.0,0.0
sat_personas_differs_from_total_population,EC190250,Zamora Chinchipe,Chinchipe,Zumba,7876,7984.0,7876.0,108.0,0.0
sat_personas_differs_from_total_population,EC090750,Guayas,Durán,Eloy Alfaro,303831,303910.0,303831.0,79.0,0.0
sat_personas_differs_from_total_population,EC240152,Santa Elena,Santa Elena,Colonche,39988,40058.0,39988.0,70.0,0.0
sat_personas_differs_from_total_population,EC120450,Los Ríos,Puebloviejo,Puebloviejo,14960,14972.0,14960.0,12.0,0.0
sat_personas_differs_from_total_population,EC110850,Loja,Macará,Macará,15167,15235.0,15167.0,68.0,0.0
sat_personas_differs_from_total_population,EC050750,Cotopaxi,Sigchos,Sigchos,7540,7560.0,7540.0,20.0,0.0
sat_personas_differs_from_total_population,EC140850,Morona Santiago,San Juan Bosco,San Juan Bosco,2535,2547.0,2535.0,12.0,0.0
sat_personas_differs_from_total_population,EC140150,Morona Santiago,Morona,Macas,22193,22621.0,22193.0,428.0,0.0
sat_personas_differs_from_total_population,EC060150,Chimborazo,Riobamba,Riobamba,188664,188891.0,188664.0,227.0,0.0
sat_personas_differs_from_total_population,EC100150,Imbabura,Ibarra,San Miguel de Ibarra,167180,168068.0,167180.0,888.0,0.0
sat_personas_differs_from_total_population,EC180157,Tungurahua,Ambato,Juan Benigno Vela,7520,7523.0,7520.0,3.0,0.0
sat_personas_differs_from_total_population,EC020150,Bolívar,Guaranda,Guaranda,62268,62611.0,62268.0,343.0,0.0
sat_personas_differs_from_total_population,EC050450,Cotopaxi,Pujilí,Pujilí,42545,42614.0,42545.0,69.0,0.0
sat_personas_differs_from_total_population,EC180854,Tungurahua,Santiago de Píllaro,Presidente Urbina,3264,3265.0,3264.0,1.0,0.0
sat_personas_differs_from_total_population,EC230152,Santo Domingo de los Tsáchilas,Santo Domingo,Puerto Limón,11628,11630.0,11628.0,2.0,0.0
sat_personas_differs_from_total_population,EC110150,Loja,Loja,Loja,213130,214296.0,213130.0,1166.0,0.0
sat_personas_differs_from_total_population,EC130650,Manabí,Jipijapa,Jipijapa,54438,54639.0,54438.0,201.0,0.0
sat_personas_differs_from_total_population,EC050152,Cotopaxi,Latacunga,Belisario Quevedo,7269,7301.0,7269.0,32.0,0.0
sat_personas_differs_from_total_population,EC170250,Pichincha,Cayambe,Cayambe,49187,49308.0,49187.0,121.0,0.0
sat_personas_differs_from_total_population,EC120851,Los Ríos,Vinces,Antonio Sotomayor,17378,17382.0,17378.0,4.0,0.0
sat_personas_differs_from_total_population,EC050752,Cotopaxi,Sigchos,Isinliví,1941,1945.0,1941.0,4.0,0.0
sat_personas_differs_from_total_population,EC150350,Napo,Archidona,Archidona,14873,15316.0,14873.0,443.0,0.0
sat_personas_differs_from_total_population,EC180150,Tungurahua,Ambato,Ambato,187137,188338.0,187137.0,1201.0,0.0
sat_personas_differs_from_total_population,EC080166,Esmeraldas,Esmeraldas,Tachina,6395,6439.0,6395.0,44.0,0.0
sat_personas_differs_from_total_population,EC071450,El Oro,Las Lajas,La Victoria,3275,3287.0,3275.0,12.0,0.0
sat_personas_differs_from_total_population,EC170350,Pichincha,Mejía,Machachi,32808,32814.0,32808.0,6.0,0.0
sat_personas_differs_from_total_population,EC170175,Pichincha,Distrito Metropolitano de Quito,Pifo,23142,23202.0,23142.0,60.0,0.0
sat_personas_differs_from_total_population,EC180650,Tungurahua,Quero,Quero,14399,14431.0,14399.0,32.0,0.0
sat_personas_differs_from_total_population,EC180162,Tungurahua,Ambato,Quisapincha,10766,10777.0,10766.0,11.0,0.0
sat_personas_differs_from_total_population,EC091150,Guayas,Naranjal,Naranjal,51986,52002.0,51986.0,16.0,0.0
sat_personas_differs_from_total_population,EC180950,Tungurahua,Tisaleo,Tisaleo,12674,12676.0,12674.0,2.0,0.0
sat_personas_differs_from_total_population,EC190150,Zamora Chinchipe,Zamora,Zamora,17741,17950.0,17741.0,209.0,0.0
sat_personas_differs_from_total_population,EC090850,Guayas,El Empalme,Velasco Ibarra,50926,50951.0,50926.0,25.0,0.0
sat_personas_differs_from_total_population,EC060156,Chimborazo,Riobamba,Licto,6776,6778.0,6776.0,2.0,0.0
sat_personas_differs_from_total_population,EC132150,Manabí,Jaramijó,Jaramijó,29754,29759.0,29754.0,5.0,0.0
sat_personas_differs_from_total_population,EC090157,Guayas,Guayaquil,Puná,15244,15275.0,15244.0,31.0,0.0
sat_personas_differs_from_total_population,EC010151,Azuay,Cuenca,Baños,21783,21797.0,21783.0,14.0,0.0
sat_personas_differs_from_total_population,EC010851,Azuay,Santa Isabel,Abdón Calderón,4194,4228.0,4194.0,34.0,0.0
sat_personas_differs_from_total_population,EC092050,Guayas,San Jacinto de Yaguachi,San Jacinto de Yaguachi,32913,32914.0,32913.0,1.0,0.0
sat_personas_differs_from_total_population,EC060850,Chimborazo,Pallatanga,Pallatanga,11732,11796.0,11732.0,64.0,0.0
sat_personas_differs_from_total_population,EC010165,Azuay,Cuenca,Sayausí,10351,10352.0,10351.0,1.0,0.0
sat_personas_differs_from_total_population,EC140650,Morona Santiago,Sucúa,Sucúa,16277,16309.0,16277.0,32.0,0.0
sat_personas_differs_from_total_population,EC050151,Cotopaxi,Latacunga,Aláquez,7957,7958.0,7957.0,1.0,0.0
sat_personas_differs_from_total_population,EC080550,Esmeraldas,San Lorenzo,San Lorenzo,32117,32591.0,32117.0,474.0,0.0
sat_personas_differs_from_total_population,EC131350,Manabí,Santa Ana,Santa Ana de Vuelta Larga,24500,24506.0,24500.0,6.0,0.0
sat_personas_differs_from_total_population,EC130851,Manabí,Manta,San Lorenzo,5438,5444.0,5438.0,6.0,0.0
sat_personas_differs_from_total_population,EC110450,Loja,Celica,Celica,6677,6685.0,6677.0,8.0,0.0
sat_personas_differs_from_total_population,EC170176,Pichincha,Distrito Metropolitano de Quito,Píntag,23239,23240.0,23239.0,1.0,0.0
sat_personas_differs_from_total_population,EC010250,Azuay,Girón,Girón,8434,8441.0,8434.0,7.0,0.0
sat_personas_differs_from_total_population,EC080450,Esmeraldas,Quinindé,Rosa Zárate,55614,55722.0,55614.0,108.0,0.0
sat_personas_differs_from_total_population,EC170152,Pichincha,Distrito Metropolitano de Quito,Amaguaña,43150,43235.0,43150.0,85.0,0.0
sat_personas_differs_from_total_population,EC121050,Los Ríos,Buena Fe,San Jacinto de Buena Fe,59389,59559.0,59389.0,170.0,0.0
sat_personas_differs_from_total_population,EC210251,Sucumbíos,Gonzalo Pizarro,El Reventador,1063,1068.0,1063.0,5.0,0.0
sat_personas_differs_from_total_population,EC220250,Orellana,Aguarico,Nuevo Rocafuerte,3659,3662.0,3659.0,3.0,0.0
sat_personas_differs_from_total_population,EC050150,Cotopaxi,Latacunga,Latacunga,125524,125651.0,125524.0,127.0,0.0
sat_personas_differs_from_total_population,EC180250,Tungurahua,Baños de Agua Santa,Baños,15917,16121.0,15917.0,204.0,0.0
sat_personas_differs_from_total_population,EC092550,Guayas,Nobol,Narcisa de Jesús,23753,23850.0,23753.0,97.0,0.0
sat_personas_differs_from_total_population,EC210250,Sucumbíos,Gonzalo Pizarro,Lumbaquí,4159,4178.0,4159.0,19.0,0.0
sat_personas_differs_from_total_population,EC121250,Los Ríos,Mocache,Mocache,42023,42026.0,42023.0,3.0,0.0
sat_personas_differs_from_total_population,EC130153,Manabí,Portoviejo,Crucita,16985,16997.0,16985.0,12.0,0.0
sat_personas_differs_from_total_population,EC100352,Imbabura,Cotacachi,García Moreno,11546,11566.0,11546.0,20.0,0.0
sat_personas_differs_from_total_population,EC050458,Cotopaxi,Pujilí,Zumbahua,6934,6948.0,6934.0,14.0,0.0
sat_personas_differs_from_total_population,EC170356,Pichincha,Mejía,Tambillo,9842,9851.0,9842.0,9.0,0.0
sat_personas_differs_from_total_population,EC120154,Los Ríos,Babahoyo,Pimocha,28135,28145.0,28135.0,10.0,0.0
sat_personas_differs_from_total_population,EC150156,Napo,Tena,Puerto Napo,7144,7152.0,7144.0,8.0,0.0
sat_personas_differs_from_total_population,EC050156,Cotopaxi,Latacunga,Mulaló,9098,9101.0,9098.0,3.0,0.0
sat_personas_differs_from_total_population,EC240154,Santa Elena,Santa Elena,Manglaralto,36849,37167.0,36849.0,318.0,0.0
sat_personas_differs_from_total_population,EC040150,Carchi,Tulcán,Tulcán,63348,64218.0,63348.0,870.0,0.0
sat_personas_differs_from_total_population,EC120550,Los Ríos,Quevedo,Quevedo,186215,187103.0,186215.0,888.0,0.0
sat_personas_differs_from_total_population,EC060251,Chimborazo,Alausí,Achupallas,8111,8117.0,8111.0,6.0,0.0
sat_personas_differs_from_total_population,EC131352,Manabí,Santa Ana,Honorato Vásquez,5794,5813.0,5794.0,19.0,0.0
sat_personas_differs_from_total_population,EC130450,Manabí,El Carmen,El Carmen,84123,84141.0,84123.0,18.0,0.0
sat_personas_differs_from_total_population,EC130850,Manabí,Manta,Manta,261692,261871.0,261692.0,179.0,0.0
sat_personas_differs_from_total_population,EC150454,Napo,El Chaco,Santa Rosa,1646,1653.0,1646.0,7.0,0.0
sat_personas_differs_from_total_population,EC110161,Loja,Loja,Vilcabamba,5487,5516.0,5487.0,29.0,0.0
sat_personas_differs_from_total_population,EC170256,Pichincha,Cayambe,San José de Ayora,14388,14393.0,14388.0,5.0,0.0
sat_personas_differs_from_total_population,EC130250,Manabí,Bolívar,Calceta,34688,34702.0,34688.0,14.0,0.0
sat_personas_differs_from_total_population,EC070750,El Oro,Huaquillas,Huaquillas,56267,56303.0,56267.0,36.0,0.0
sat_personas_differs_from_total_population,EC220150,Orellana,Francisco de Orellana,El Coca (PUERTO FRANCISCO DE ORELLANA),59016,59104.0,59016.0,88.0,0.0
sat_personas_differs_from_total_population,EC110250,Loja,Calvas,Cariamanga,19361,19551.0,19361.0,190.0,0.0
sat_personas_differs_from_total_population,EC131850,Manabí,Olmedo,Olmedo,10085,10090.0,10085.0,5.0,0.0
sat_personas_differs_from_total_population,EC170150,Pichincha,Distrito Metropolitano de Quito,Quito,1772665,1776364.0,1772665.0,3699.0,0.0
sat_personas_differs_from_total_population,EC080150,Esmeraldas,Esmeraldas,Esmeraldas,168676,170529.0,168676.0,1853.0,0.0
sat_personas_differs_from_total_population,EC090150,Guayas,Guayaquil,Guayaquil,2651280,2665392.0,2651280.0,14112.0,0.0
sat_personas_differs_from_total_population,EC131453,Manabí,Sucre,Charapotó,23270,23361.0,23270.0,91.0,0.0
sat_personas_differs_from_total_population,EC131450,Manabí,Sucre,Bahía de Caráquez,26948,27284.0,26948.0,336.0,0.0
sat_personas_differs_from_total_population,EC080650,Esmeraldas,Atacames,Atacames,21645,21868.0,21645.0,223.0,0.0
sat_personas_differs_from_total_population,EC080356,Esmeraldas,Muisne,San Francisco,4992,5023.0,4992.0,31.0,0.0
sat_personas_differs_from_total_population,EC130950,Manabí,Montecristi,Montecristi,96831,96858.0,96831.0,27.0,0.0
sat_personas_differs_from_total_population,EC130550,Manabí,Flavio Alfaro,Flavio Alfaro,20170,20177.0,20170.0,7.0,0.0
sat_personas_differs_from_total_population,EC080350,Esmeraldas,Muisne,Muisne,8747,8788.0,8747.0,41.0,0.0
sat_personas_differs_from_total_population,EC131250,Manabí,Rocafuerte,Rocafuerte,42684,42688.0,42684.0,4.0,0.0
sat_personas_differs_from_total_population,EC060260,Chimborazo,Alausí,Tixán,8530,8533.0,8530.0,3.0,0.0
sat_personas_differs_from_total_population,EC130150,Manabí,Portoviejo,Portoviejo,252044,252248.0,252044.0,204.0,0.0
sat_personas_differs_from_total_population,EC050154,Cotopaxi,Latacunga,Joseguango Bajo,2467,2469.0,2467.0,2.0,0.0
sat_personas_differs_from_total_population,EC170950,Pichincha,Puerto Quito,Puerto Quito,25043,25067.0,25043.0,24.0,0.0
sat_personas_differs_from_total_population,EC132050,Manabí,Jama,Jama,16568,16588.0,16568.0,20.0,0.0
sat_personas_differs_from_total_population,EC130352,Manabí,Chone,Canuto,11132,11134.0,11132.0,2.0,0.0
sat_personas_differs_from_total_population,EC131752,Manabí,Pedernales,Diez de Agosto,6135,6140.0,6135.0,5.0,0.0
sat_personas_differs_from_total_population,EC131550,Manabí,Tosagua,Tosagua,31306,31309.0,31306.0,3.0,0.0
sat_personas_differs_from_total_population,EC140950,Morona Santiago,Taisha,Taisha,7812,7817.0,7812.0,5.0,0.0
sat_personas_differs_from_total_population,EC130750,Manabí,Junín,Junín,22323,22324.0,22323.0,1.0,0.0
sat_personas_differs_from_total_population,EC121150,Los Ríos,Valencia,Valencia,51496,51509.0,51496.0,13.0,0.0
sat_personas_differs_from_total_population,EC130350,Manabí,Chone,Chone,76186,76247.0,76186.0,61.0,0.0
sat_personas_differs_from_total_population,EC132250,Manabí,San Vicente,San Vicente,16849,16880.0,16849.0,31.0,0.0
sat_personas_differs_from_total_population,EC131750,Manabí,Pedernales,Pedernales,43002,43049.0,43002.0,47.0,0.0
sat_personas_differs_from_total_population,EC230150,Santo Domingo de los Tsáchilas,Santo Domingo,Santo Domingo de los Colorados,371880,373321.0,371880.0,1441.0,0.0
sat_personas_differs_from_total_population,EC050159,Cotopaxi,Latacunga,San Juan de Pastocalle,14881,14884.0,14881.0,3.0,0.0
sat_personas_differs_from_total_population,EC210252,Sucumbíos,Gonzalo Pizarro,Gonzalo Pizarro,3542,3545.0,3542.0,3.0,0.0
sat_personas_differs_from_total_population,EC010353,Azuay,Gualaceo,Jadán,4580,4581.0,4580.0,1.0,0.0
sat_personas_differs_from_total_population,EC010650,Azuay,Pucará,Pucará,7976,8001.0,7976.0,25.0,0.0
sat_personas_differs_from_total_population,EC010955,Azuay,Sígsig,San Bartolomé,3367,3368.0,3367.0,1.0,0.0
sat_personas_differs_from_total_population,EC011351,Azuay,Sevilla de Oro,Amaluza,892,896.0,892.0,4.0,0.0
sat_personas_differs_from_total_population,EC011550,Azuay,Camilo Ponce Enríquez,Camilo Ponce Enríquez,22763,22810.0,22763.0,47.0,0.0
sat_personas_differs_from_total_population,EC020155,Bolívar,Guaranda,Salinas,5877,5880.0,5877.0,3.0,0.0
sat_personas_differs_from_total_population,EC020156,Bolívar,Guaranda,San Lorenzo,1769,1770.0,1769.0,1.0,0.0
sat_personas_differs_from_total_population,EC020160,Bolívar,Guaranda,San Luis de Pambil,7880,7887.0,7880.0,7.0,0.0
sat_personas_differs_from_total_population,EC020250,Bolívar,Chillanes,Chillanes,13827,13855.0,13827.0,28.0,0.0
sat_personas_differs_from_total_population,EC020450,Bolívar,Echeandía,Echeandía,14648,14654.0,14648.0,6.0,0.0
sat_personas_differs_from_total_population,EC020551,Bolívar,San Miguel,Balsapamba,2469,2470.0,2469.0,1.0,0.0
sat_personas_differs_from_total_population,EC020554,Bolívar,San Miguel,San Pablo,5179,5180.0,5179.0,1.0,0.0
sat_personas_differs_from_total_population,EC020650,Bolívar,Caluma,Caluma,15576,15607.0,15576.0,31.0,0.0
sat_personas_differs_from_total_population,EC020750,Bolívar,Las Naves,Las Naves,6995,7012.0,6995.0,17.0,0.0
sat_personas_differs_from_total_population,EC030157,Cañar,Azogues,Rivera,1567,1568.0,1567.0,1.0,0.0
sat_personas_differs_from_total_population,EC030356,Cañar,Cañar,Ingapirca,6955,6964.0,6955.0,9.0,0.0
sat_personas_differs_from_total_population,EC040157,Carchi,Tulcán,Tufiño,2683,2692.0,2683.0,9.0,0.0
sat_personas_differs_from_total_population,EC040159,Carchi,Tulcán,El Chical,4349,4403.0,4349.0,54.0,0.0
sat_personas_differs_from_total_population,EC050252,Cotopaxi,La Maná,Pucayacu,1958,1960.0,1958.0,2.0,0.0
sat_personas_differs_from_total_population,EC050350,Cotopaxi,Pangua,El Corazón,5526,5529.0,5526.0,3.0,0.0
sat_personas_differs_from_total_population,EC050351,Cotopaxi,Pangua,Moraspungo,13862,13884.0,13862.0,22.0,0.0
sat_personas_differs_from_total_population,EC050451,Cotopaxi,Pujilí,Angamarca,3798,3802.0,3798.0,4.0,0.0
sat_personas_differs_from_total_population,EC050754,Cotopaxi,Sigchos,Palo Quemado,1024,1030.0,1024.0,6.0,0.0
sat_personas_differs_from_total_population,EC060254,Chimborazo,Alausí,Huigra,1743,1748.0,1743.0,5.0,0.0
sat_personas_differs_from_total_population,EC060255,Chimborazo,Alausí,Multitud,1864,1867.0,1864.0,3.0,0.0
sat_personas_differs_from_total_population,EC060351,Chimborazo,Colta,Cañi,710,711.0,710.0,1.0,0.0
sat_personas_differs_from_total_population,EC060651,Chimborazo,Guamote,Cebadas,6410,6414.0,6410.0,4.0,0.0
sat_personas_differs_from_total_population,EC060950,Chimborazo,Penipe,Penipe,2243,2400.0,2243.0,157.0,0.0
sat_personas_differs_from_total_population,EC060954,Chimborazo,Penipe,San Antonio de Bayushig,1093,1097.0,1093.0,4.0,0.0
sat_personas_differs_from_total_population,EC061050,Chimborazo,Cumandá,Cumandá,16593,16602.0,16593.0,9.0,0.0
sat_personas_differs_from_total_population,EC070251,El Oro,Arenillas,Chacras,1924,1926.0,1924.0,2.0,0.0
sat_personas_differs_from_total_population,EC070651,El Oro,El Guabo,Barbones,7337,7364.0,7337.0,27.0,0.0
sat_personas_differs_from_total_population,EC070653,El Oro,El Guabo,Tendales,5326,5388.0,5326.0,62.0,0.0
sat_personas_differs_from_total_population,EC070654,El Oro,El Guabo,Río Bonito,6765,6884.0,6765.0,119.0,0.0
sat_personas_differs_from_total_population,EC070951,El Oro,Pasaje,Buenavista,7708,7744.0,7708.0,36.0,0.0
sat_personas_differs_from_total_population,EC071252,El Oro,Santa Rosa,Jambelí,1126,1246.0,1126.0,120.0,0.0
sat_personas_differs_from_total_population,EC080152,Esmeraldas,Esmeraldas,Camarones,3947,3949.0,3947.0,2.0,0.0
sat_personas_differs_from_total_population,EC080154,Esmeraldas,Esmeraldas,Chinca,5103,5109.0,5103.0,6.0,0.0
sat_personas_differs_from_total_population,EC080163,Esmeraldas,Esmeraldas,San Mateo,7937,7975.0,7937.0,38.0,0.0
sat_personas_differs_from_total_population,EC080252,Esmeraldas,Eloy Alfaro,Atahualpa,1383,1388.0,1383.0,5.0,0.0
sat_personas_differs_from_total_population,EC080254,Esmeraldas,Eloy Alfaro,La Tola,2886,2949.0,2886.0,63.0,0.0
sat_personas_differs_from_total_population,EC080265,Esmeraldas,Eloy Alfaro,Santa Lucía de las Peñas,1925,1985.0,1925.0,60.0,0.0
sat_personas_differs_from_total_population,EC080351,Esmeraldas,Muisne,Bolívar,2523,2569.0,2523.0,46.0,0.0
sat_personas_differs_from_total_population,EC080354,Esmeraldas,Muisne,Quingue,519,533.0,519.0,14.0,0.0
sat_personas_differs_from_total_population,EC080357,Esmeraldas,Muisne,San Gregorio,7851,7864.0,7851.0,13.0,0.0
sat_personas_differs_from_total_population,EC080358,Esmeraldas,Muisne,San José de Chamanga,5704,5709.0,5704.0,5.0,0.0
sat_personas_differs_from_total_population,EC080451,Esmeraldas,Quinindé,Cube,7870,7872.0,7870.0,2.0,0.0
sat_personas_differs_from_total_population,EC080454,Esmeraldas,Quinindé,Viche,5955,5975.0,5955.0,20.0,0.0
sat_personas_differs_from_total_population,EC080455,Esmeraldas,Quinindé,La Unión,34133,34161.0,34133.0,28.0,0.0
sat_personas_differs_from_total_population,EC080561,Esmeraldas,San Lorenzo,Tululbí,2613,2641.0,2613.0,28.0,0.0
sat_personas_differs_from_total_population,EC080651,Esmeraldas,Atacames,La Unión,3357,3358.0,3357.0,1.0,0.0
sat_personas_differs_from_total_population,EC080652,Esmeraldas,Atacames,Súa,4386,4412.0,4386.0,26.0,0.0
sat_personas_differs_from_total_population,EC080653,Esmeraldas,Atacames,Tonchigüe,8291,8300.0,8291.0,9.0,0.0
sat_personas_differs_from_total_population,EC080654,Esmeraldas,Atacames,Tonsupa,13076,13266.0,13076.0,190.0,0.0
sat_personas_differs_from_total_population,EC080750,Esmeraldas,Rioverde,Rioverde,7119,7124.0,7119.0,5.0,0.0
sat_personas_differs_from_total_population,EC080751,Esmeraldas,Rioverde,Chontaduro,4147,4156.0,4147.0,9.0,0.0
sat_personas_differs_from_total_population,EC090152,Guayas,Guayaquil,Juan Gómez Rendón,13460,13483.0,13460.0,23.0,0.0
sat_personas_differs_from_total_population,EC090153,Guayas,Guayaquil,Morro,6482,6502.0,6482.0,20.0,0.0
sat_personas_differs_from_total_population,EC090158,Guayas,Guayaquil,Tenguel,11970,12042.0,11970.0,72.0,0.0
sat_personas_differs_from_total_population,EC090250,Guayas,Alfredo Baquerizo Moreno (Juján),Alfredo Baquerizo Moreno (Juján),25523,25526.0,25523.0,3.0,0.0
sat_personas_differs_from_total_population,EC090654,Guayas,Daule,Limonal,9407,9414.0,9407.0,7.0,0.0
sat_personas_differs_from_total_population,EC090851,Guayas,El Empalme,Guayas,18730,18735.0,18730.0,5.0,0.0
sat_personas_differs_from_total_population,EC091053,Guayas,Milagro,Mariscal Sucre,6070,6072.0,6070.0,2.0,0.0
sat_personas_differs_from_total_population,EC091054,Guayas,Milagro,Roberto Astudillo,12700,12703.0,12700.0,3.0,0.0
sat_personas_differs_from_total_population,EC092250,Guayas,Simón Bolívar,Simón Bolívar,16445,16448.0,16445.0,3.0,0.0
sat_personas_differs_from_total_population,EC092251,Guayas,Simón Bolívar,Coronel Lorenzo de Garaycoa,12968,12979.0,12968.0,11.0,0.0
sat_personas_differs_from_total_population,EC092350,Guayas,Coronel Marcelino Maridueña,Coronel Marcelino Maridueña,13171,13183.0,13171.0,12.0,0.0
sat_personas_differs_from_total_population,EC092750,Guayas,General  Antonio Elizalde,General Antonio Elizalde,11804,11810.0,11804.0,6.0,0.0
sat_personas_differs_from_total_population,EC100153,Imbabura,Ibarra,Carolina,3251,3258.0,3251.0,7.0,0.0
sat_personas_differs_from_total_population,EC100155,Imbabura,Ibarra,Lita,3944,3964.0,3944.0,20.0,0.0
sat_personas_differs_from_total_population,EC100351,Imbabura,Cotacachi,Apuela,1923,1936.0,1923.0,13.0,0.0
sat_personas_differs_from_total_population,EC100354,Imbabura,Cotacachi,Peñaherrera,1778,1780.0,1778.0,2.0,0.0
sat_personas_differs_from_total_population,EC100357,Imbabura,Cotacachi,Seis De Julio de Cuellaje,1658,1664.0,1658.0,6.0,0.0
sat_personas_differs_from_total_population,EC100453,Imbabura,Otavalo,González Suárez,7433,7434.0,7433.0,1.0,0.0
sat_personas_differs_from_total_population,EC100457,Imbabura,Otavalo,San Pablo,11114,11146.0,11114.0,32.0,0.0
sat_personas_differs_from_total_population,EC100458,Imbabura,Otavalo,San Rafael,5179,5184.0,5179.0,5.0,0.0
sat_personas_differs_from_total_population,EC100459,Imbabura,Otavalo,Selva Alegre,1300,1301.0,1300.0,1.0,0.0
sat_personas_differs_from_total_population,EC100652,Imbabura,San Miguel de Urcuquí,La Merced de Buenos Aires,1987,2004.0,1987.0,17.0,0.0
sat_personas_differs_from_total_population,EC100653,Imbabura,San Miguel de Urcuquí,Pablo Arenas,2337,2339.0,2337.0,2.0,0.0
sat_personas_differs_from_total_population,EC100655,Imbabura,San Miguel de Urcuquí,Tumbabiro,1665,1680.0,1665.0,15.0,0.0
sat_personas_differs_from_total_population,EC110152,Loja,Loja,Chuquiribamba,2111,2114.0,2111.0,3.0,0.0
sat_personas_differs_from_total_population,EC110158,Loja,Loja,San Pedro de Vilcabamba,1300,1305.0,1300.0,5.0,0.0
sat_personas_differs_from_total_population,EC110160,Loja,Loja,Taquil,3718,3720.0,3718.0,2.0,0.0
sat_personas_differs_from_total_population,EC110254,Loja,Calvas,Sanguillín,1381,1387.0,1381.0,6.0,0.0
sat_personas_differs_from_total_population,EC110351,Loja,Catamayo,El Tambo,4437,4439.0,4437.0,2.0,0.0
sat_personas_differs_from_total_population,EC110353,Loja,Catamayo,San Pedro de la Bendita,1921,1924.0,1921.0,3.0,0.0
sat_personas_differs_from_total_population,EC110457,Loja,Celica,Teniente Maximiliano Rodríguez Loaiza,702,704.0,702.0,2.0,0.0
sat_personas_differs_from_total_population,EC110650,Loja,Espíndola,Amaluza,4140,4142.0,4140.0,2.0,0.0
sat_personas_differs_from_total_population,EC110756,Loja,Gonzanamá,Sacapalca,1716,1719.0,1716.0,3.0,0.0
sat_personas_differs_from_total_population,EC110852,Loja,Macará,La Victoria,1360,1361.0,1360.0,1.0,0.0
sat_personas_differs_from_total_population,EC110853,Loja,Macará,Sabiango,629,634.0,629.0,5.0,0.0
sat_personas_differs_from_total_population,EC110950,Loja,Paltas,Catacocha,12110,12129.0,12110.0,19.0,0.0
sat_personas_differs_from_total_population,EC110954,Loja,Paltas,Lauro Guerrero,1679,1680.0,1679.0,1.0,0.0
sat_personas_differs_from_total_population,EC110958,Loja,Paltas,Casanga,1734,1735.0,1734.0,1.0,0.0
sat_personas_differs_from_total_population,EC111159,Loja,Saraguro,Urdaneta,4086,4091.0,4086.0,5.0,0.0
sat_personas_differs_from_total_population,EC111250,Loja,Sozoranga,Sozoranga,3670,3671.0,3670.0,1.0,0.0
sat_personas_differs_from_total_population,EC111452,Loja,Pindal,12 de Diciembre,2059,2060.0,2059.0,1.0,0.0
sat_personas_differs_from_total_population,EC111550,Loja,Quilanga,Quilanga,2558,2559.0,2558.0,1.0,0.0
sat_personas_differs_from_total_population,EC120153,Los Ríos,Babahoyo,Febres Cordero,19008,19012.0,19008.0,4.0,0.0
sat_personas_differs_from_total_population,EC120252,Los Ríos,Baba,Isla de Bejucal,10130,10141.0,10130.0,11.0,0.0
sat_personas_differs_from_total_population,EC120350,Los Ríos,Montalvo,Montalvo,25874,25875.0,25874.0,1.0,0.0
sat_personas_differs_from_total_population,EC120650,Los Ríos,Urdaneta,Catarama,9671,9680.0,9671.0,9.0,0.0
sat_personas_differs_from_total_population,EC120651,Los Ríos,Urdaneta,Ricaurte,23427,23471.0,23427.0,44.0,0.0
sat_personas_differs_from_total_population,EC120750,Los Ríos,Ventanas,Ventanas,48988,49009.0,48988.0,21.0,0.0
sat_personas_differs_from_total_population,EC120752,Los Ríos,Ventanas,Zapotal,18364,18368.0,18364.0,4.0,0.0
sat_personas_differs_from_total_population,EC121350,Los Ríos,Quinsaloma,Quinsaloma,19464,19470.0,19464.0,6.0,0.0
sat_personas_differs_from_total_population,EC130155,Manabí,Portoviejo,Riochico,14850,17040.0,14850.0,2190.0,0.0
sat_personas_differs_from_total_population,EC130351,Manabí,Chone,Boyacá,4444,4447.0,4444.0,3.0,0.0
sat_personas_differs_from_total_population,EC130354,Manabí,Chone,Chibunga,6082,6083.0,6082.0,1.0,0.0
sat_personas_differs_from_total_population,EC130356,Manabí,Chone,Ricaurte,7831,7838.0,7831.0,7.0,0.0
sat_personas_differs_from_total_population,EC130452,Manabí,El Carmen,San Pedro de Suma,7251,7252.0,7251.0,1.0,0.0
sat_personas_differs_from_total_population,EC130453,Manabí,El Carmen,Santa María,13662,13668.0,13662.0,6.0,0.0
sat_personas_differs_from_total_population,EC130552,Manabí,Flavio Alfaro,Zapallo,3527,3531.0,3527.0,4.0,0.0
sat_personas_differs_from_total_population,EC130652,Manabí,Jipijapa,El Anegado,7019,7020.0,7019.0,1.0,0.0
sat_personas_differs_from_total_population,EC131351,Manabí,Santa Ana,Ayacucho,7933,7934.0,7933.0,1.0,0.0
sat_personas_differs_from_total_population,EC131355,Manabí,Santa Ana,San Pablo,6006,6009.0,6006.0,3.0,0.0
sat_personas_differs_from_total_population,EC131651,Manabí,24 de Mayo,Bellavista,5687,5693.0,5687.0,6.0,0.0
sat_personas_differs_from_total_population,EC131751,Manabí,Pedernales,Cojimíes,18642,18664.0,18642.0,22.0,0.0
sat_personas_differs_from_total_population,EC132251,Manabí,San Vicente,Canoa,8051,8117.0,8051.0,66.0,0.0
sat_personas_differs_from_total_population,EC140156,Morona Santiago,Morona,San Isidro,1220,1221.0,1220.0,1.0,0.0
sat_personas_differs_from_total_population,EC140158,Morona Santiago,Morona,Sinaí,1022,1034.0,1022.0,12.0,0.0
sat_personas_differs_from_total_population,EC140162,Morona Santiago,Morona,Cuchaentza,2807,2813.0,2807.0,6.0,0.0
sat_personas_differs_from_total_population,EC140164,Morona Santiago,Morona,Río Blanco,3044,3048.0,3044.0,4.0,0.0
sat_personas_differs_from_total_population,EC140351,Morona Santiago,Limón Indanza,Indanza,1086,1091.0,1086.0,5.0,0.0
sat_personas_differs_from_total_population,EC140553,Morona Santiago,Santiago,Patuca,1820,1924.0,1820.0,104.0,0.0
sat_personas_differs_from_total_population,EC140751,Morona Santiago,Huamboya,Chiguaza,6741,6747.0,6741.0,6.0,0.0
sat_personas_differs_from_total_population,EC140953,Morona Santiago,Taisha,Tuutinentsa,5224,5229.0,5224.0,5.0,0.0
sat_personas_differs_from_total_population,EC141251,Morona Santiago,Tiwintza,San José de Morona,3758,3774.0,3758.0,16.0,0.0
sat_personas_differs_from_total_population,EC150151,Napo,Tena,Ahuano,7465,7476.0,7465.0,11.0,0.0
sat_personas_differs_from_total_population,EC150153,Napo,Tena,Chontapunta,8718,8721.0,8718.0,3.0,0.0
sat_personas_differs_from_total_population,EC150157,Napo,Tena,Tálag,3527,3528.0,3527.0,1.0,0.0
sat_personas_differs_from_total_population,EC150158,Napo,Tena,San Juan de Muyuna,7280,7314.0,7280.0,34.0,0.0
sat_personas_differs_from_total_population,EC150356,Napo,Archidona,Hatun Sumaku,2633,2636.0,2633.0,3.0,0.0
sat_personas_differs_from_total_population,EC160152,Pastaza,Pastaza,Canelos,2689,2696.0,2689.0,7.0,0.0
sat_personas_differs_from_total_population,EC160155,Pastaza,Pastaza,Fátima,1642,1645.0,1642.0,3.0,0.0
sat_personas_differs_from_total_population,EC160162,Pastaza,Pastaza,Simón Bolívar,7679,7689.0,7679.0,10.0,0.0
sat_personas_differs_from_total_population,EC160165,Pastaza,Pastaza,Veracruz,2354,2361.0,2354.0,7.0,0.0
sat_personas_differs_from_total_population,EC160166,Pastaza,Pastaza,El Triunfo,1288,1328.0,1288.0,40.0,0.0
sat_personas_differs_from_total_population,EC160251,Pastaza,Mera,Madre Tierra,3605,3684.0,3605.0,79.0,0.0
sat_personas_differs_from_total_population,EC160451,Pastaza,Arajuno,Curaray,3844,3863.0,3844.0,19.0,0.0
sat_personas_differs_from_total_population,EC170168,Pichincha,Distrito Metropolitano de Quito,Nanegal,2958,2959.0,2958.0,1.0,0.0
sat_personas_differs_from_total_population,EC170169,Pichincha,Distrito Metropolitano de Quito,Nanegalito,2774,2776.0,2774.0,2.0,0.0
sat_personas_differs_from_total_population,EC170172,Pichincha,Distrito Metropolitano de Quito,Pacto,3896,3898.0,3896.0,2.0,0.0
sat_personas_differs_from_total_population,EC170181,Pichincha,Distrito Metropolitano de Quito,San José de Minas,5581,5589.0,5581.0,8.0,0.0
sat_personas_differs_from_total_population,EC170251,Pichincha,Cayambe,Ascázubi,7850,7851.0,7850.0,1.0,0.0
sat_personas_differs_from_total_population,EC170354,Pichincha,Mejía,El Chaupi,1420,1425.0,1420.0,5.0,0.0
sat_personas_differs_from_total_population,EC170355,Pichincha,Mejía,Manuel Cornejo Astorga,3339,3341.0,3339.0,2.0,0.0
sat_personas_differs_from_total_population,EC170750,Pichincha,San Miguel de los Bancos,San Miguel de los Bancos,10691,10708.0,10691.0,17.0,0.0
sat_personas_differs_from_total_population,EC170751,Pichincha,San Miguel de los Bancos,Mindo,2879,2953.0,2879.0,74.0,0.0
sat_personas_differs_from_total_population,EC170850,Pichincha,Pedro Vicente Maldonado,Pedro Vicente Maldonado,15456,15475.0,15456.0,19.0,0.0
sat_personas_differs_from_total_population,EC180252,Tungurahua,Baños de Agua Santa,Río Negro,1257,1274.0,1257.0,17.0,0.0
sat_personas_differs_from_total_population,EC180254,Tungurahua,Baños de Agua Santa,Ulba,2829,2833.0,2829.0,4.0,0.0
sat_personas_differs_from_total_population,EC180552,Tungurahua,Patate,Los Andes,1368,1385.0,1368.0,17.0,0.0
sat_personas_differs_from_total_population,EC180757,Tungurahua,San Pedro de Pelileo,Guambaló,8443,8444.0,8443.0,1.0,0.0
sat_personas_differs_from_total_population,EC190152,Zamora Chinchipe,Zamora,Guadalupe,3472,3477.0,3472.0,5.0,0.0
sat_personas_differs_from_total_population,EC190158,Zamora Chinchipe,Zamora,San Carlos de las Minas,1937,1942.0,1937.0,5.0,0.0
sat_personas_differs_from_total_population,EC190251,Zamora Chinchipe,Chinchipe,Chito,1495,1499.0,1495.0,4.0,0.0
sat_personas_differs_from_total_population,EC190256,Zamora Chinchipe,Chinchipe,Pucapamba,91,104.0,91.0,13.0,0.0
sat_personas_differs_from_total_population,EC190653,Zamora Chinchipe,El Pangui,Tundayme,999,1087.0,999.0,88.0,0.0
sat_personas_differs_from_total_population,EC190750,Zamora Chinchipe,Centinela del Cóndor,Zumbi,5178,5192.0,5178.0,14.0,0.0
sat_personas_differs_from_total_population,EC190850,Zamora Chinchipe,Palanda,Palanda,3997,3999.0,3997.0,2.0,0.0
sat_personas_differs_from_total_population,EC190853,Zamora Chinchipe,Palanda,Valladolid,1257,1258.0,1257.0,1.0,0.0
sat_personas_differs_from_total_population,EC200150,Galápagos,San Cristóbal,Puerto Baquerizo Moreno,7243,7290.0,7243.0,47.0,0.0
sat_personas_differs_from_total_population,EC200151,Galápagos,San Cristóbal,El Progreso,847,865.0,847.0,18.0,0.0
sat_personas_differs_from_total_population,EC200250,Galápagos,Isabela,Puerto Villamil,2746,2755.0,2746.0,9.0,0.0
sat_personas_differs_from_total_population,EC200350,Galápagos,Santa Cruz,Puerto Ayora,12678,12737.0,12678.0,59.0,0.0
sat_personas_differs_from_total_population,EC200351,Galápagos,Santa Cruz,Bella Vista,3928,3933.0,3928.0,5.0,0.0
sat_personas_differs_from_total_population,EC200352,Galápagos,Santa Cruz,Santa Rosa,560,563.0,560.0,3.0,0.0
sat_personas_differs_from_total_population,EC210152,Sucumbíos,Lago Agrio,Dureno,3145,3149.0,3145.0,4.0,0.0
sat_personas_differs_from_total_population,EC210155,Sucumbíos,Lago Agrio,El Eno,6915,6918.0,6915.0,3.0,0.0
sat_personas_differs_from_total_population,EC210156,Sucumbíos,Lago Agrio,Pacayacu,8423,8428.0,8423.0,5.0,0.0
sat_personas_differs_from_total_population,EC210157,Sucumbíos,Lago Agrio,Jambelí,3473,3478.0,3473.0,5.0,0.0
sat_personas_differs_from_total_population,EC210254,Sucumbíos,Gonzalo Pizarro,Puerto Libre,1558,1565.0,1558.0,7.0,0.0
sat_personas_differs_from_total_population,EC210354,Sucumbíos,Putumayo,Santa Elena,1797,1803.0,1797.0,6.0,0.0
sat_personas_differs_from_total_population,EC210451,Sucumbíos,Shushufindi,Limoncocha,6852,6857.0,6852.0,5.0,0.0
sat_personas_differs_from_total_population,EC210453,Sucumbíos,Shushufindi,San Roque,4469,4483.0,4469.0,14.0,0.0
sat_personas_differs_from_total_population,EC210652,Sucumbíos,Cascales,Sevilla,3103,3106.0,3103.0,3.0,0.0
sat_personas_differs_from_total_population,EC220151,Orellana,Francisco de Orellana,Dayuma,7248,7253.0,7248.0,5.0,0.0
sat_personas_differs_from_total_population,EC220157,Orellana,Francisco de Orellana,Inés Arango,3639,3661.0,3639.0,22.0,0.0
sat_personas_differs_from_total_population,EC220251,Orellana,Aguarico,Capitán Augusto Rivadeneyra,1137,1142.0,1137.0,5.0,0.0
sat_personas_differs_from_total_population,EC220352,Orellana,La Joya de los Sachas,Pompeya,1652,1661.0,1652.0,9.0,0.0
sat_personas_differs_from_total_population,EC220453,Orellana,Loreto,San José de Payamino,3575,3576.0,3575.0,1.0,0.0
sat_personas_differs_from_total_population,EC230151,Santo Domingo de los Tsáchilas,Santo Domingo,Alluriquín,8600,8607.0,8600.0,7.0,0.0
sat_personas_differs_from_total_population,EC230153,Santo Domingo de los Tsáchilas,Santo Domingo,Luz de América,11438,11504.0,11438.0,66.0,0.0
sat_personas_differs_from_total_population,EC230156,Santo Domingo de los Tsáchilas,Santo Domingo,El Esfuerzo,5939,5973.0,5939.0,34.0,0.0
sat_personas_differs_from_total_population,EC230157,Santo Domingo de los Tsáchilas,Santo Domingo,Santa María del Toachi,7040,7059.0,7040.0,19.0,0.0
sat_personas_differs_from_total_population,EC010153,Azuay,Cuenca,Chaucha,1720,1721.0,1720.0,1.0,0.0
sat_personas_differs_from_total_population,EC010354,Azuay,Gualaceo,Mariano Moreno,2511,2513.0,2511.0,2.0,0.0
sat_personas_differs_from_total_population,EC010852,Azuay,Santa Isabel,El Carmen de Pijilí,2646,2648.0,2646.0,2.0,0.0
sat_personas_differs_from_total_population,EC010954,Azuay,Sígsig,Ludo,3428,3429.0,3428.0,1.0,0.0
sat_personas_differs_from_total_population,EC011350,Azuay,Sevilla de Oro,Sevilla de Oro,2026,2027.0,2026.0,1.0,0.0
sat_personas_differs_from_total_population,EC030362,Cañar,Cañar,Ventura,1356,1357.0,1356.0,1.0,0.0
sat_personas_differs_from_total_population,EC030452,Cañar,La Troncal,Pancho Negro,10864,10866.0,10864.0,2.0,0.0
sat_personas_differs_from_total_population,EC040554,Carchi,Montúfar,La Paz,3386,3399.0,3386.0,13.0,0.0
sat_personas_differs_from_total_population,EC060259,Chimborazo,Alausí,Sibambe,3383,3412.0,3383.0,29.0,0.0
sat_personas_differs_from_total_population,EC060554,Chimborazo,Chunchi,Llagos,1312,1316.0,1312.0,4.0,0.0
sat_personas_differs_from_total_population,EC070256,El Oro,Arenillas,La Cuca,2243,2253.0,2243.0,10.0,0.0
sat_personas_differs_from_total_population,EC070350,El Oro,Atahualpa,Paccha,2507,2509.0,2507.0,2.0,0.0
sat_personas_differs_from_total_population,EC071055,El Oro,Piñas,San Roque,1193,1194.0,1193.0,1.0,0.0
sat_personas_differs_from_total_population,EC071255,El Oro,Santa Rosa,Torata,2172,2174.0,2172.0,2.0,0.0
sat_personas_differs_from_total_population,EC071256,El Oro,Santa Rosa,Victoria,3701,3726.0,3701.0,25.0,0.0
sat_personas_differs_from_total_population,EC080250,Esmeraldas,Eloy Alfaro,Valdez,5779,5848.0,5779.0,69.0,0.0
sat_personas_differs_from_total_population,EC080255,Esmeraldas,Eloy Alfaro,Luis Vargas Torres,534,535.0,534.0,1.0,0.0
sat_personas_differs_from_total_population,EC080453,Esmeraldas,Quinindé,Malimpia,19862,19870.0,19862.0,8.0,0.0
sat_personas_differs_from_total_population,EC080551,Esmeraldas,San Lorenzo,Alto Tambo,1866,1867.0,1866.0,1.0,0.0
sat_personas_differs_from_total_population,EC080553,Esmeraldas,San Lorenzo,Calderón,1164,1176.0,1164.0,12.0,0.0
sat_personas_differs_from_total_population,EC080559,Esmeraldas,San Lorenzo,Santa Rita,1636,1638.0,1636.0,2.0,0.0
sat_personas_differs_from_total_population,EC080560,Esmeraldas,San Lorenzo,Tambillo,1360,1369.0,1360.0,9.0,0.0
sat_personas_differs_from_total_population,EC090551,Guayas,Colimes,San Jacinto,5904,5912.0,5904.0,8.0,0.0
sat_personas_differs_from_total_population,EC091153,Guayas,Naranjal,Santa Rosa de Flandes,6182,6196.0,6182.0,14.0,0.0
sat_personas_differs_from_total_population,EC092055,Guayas,San Jacinto de Yaguachi,Yaguachi Viejo,13139,13140.0,13139.0,1.0,0.0
sat_personas_differs_from_total_population,EC110753,Loja,Gonzanamá,Nambacola,4252,4257.0,4252.0,5.0,0.0
sat_personas_differs_from_total_population,EC110956,Loja,Paltas,Orianga,1585,1586.0,1585.0,1.0,0.0
sat_personas_differs_from_total_population,EC111156,Loja,Saraguro,San Pablo de Tenta,3283,3290.0,3283.0,7.0,0.0
sat_personas_differs_from_total_population,EC120754,Los Ríos,Ventanas,Los Ángeles,2728,2733.0,2728.0,5.0,0.0
sat_personas_differs_from_total_population,EC131051,Manabí,Paján,Campozano,8734,8736.0,8734.0,2.0,0.0
sat_personas_differs_from_total_population,EC131653,Manabí,24 de Mayo,Arquitecto Sixto Durán Ballén,3064,3072.0,3064.0,8.0,0.0
sat_personas_differs_from_total_population,EC140254,Morona Santiago,Gualaquiza,Chigüinda,549,551.0,549.0,2.0,0.0
sat_personas_differs_from_total_population,EC141051,Morona Santiago,Logroño,Yaupi,2198,2206.0,2198.0,8.0,0.0
sat_personas_differs_from_total_population,EC190351,Zamora Chinchipe,Nangaritza,Zurmi,1905,1915.0,1905.0,10.0,0.0
sat_personas_differs_from_total_population,EC190952,Zamora Chinchipe,Paquisha,Nuevo Quito,2024,2044.0,2024.0,20.0,0.0
sat_personas_differs_from_total_population,EC210455,Sucumbíos,Shushufindi,Siete de Julio,4346,4349.0,4346.0,3.0,0.0
sat_personas_differs_from_total_population,EC220158,Orellana,Francisco de Orellana,La Belleza,5167,5168.0,5167.0,1.0,0.0
sat_personas_differs_from_total_population,EC220351,Orellana,La Joya de los Sachas,Enokanqui,3229,3232.0,3229.0,3.0,0.0
sat_personas_differs_from_total_population,EC220355,Orellana,La Joya de los Sachas,Lago San Pedro,2279,2287.0,2279.0,8.0,0.0
sat_personas_differs_from_total_population,EC220455,Orellana,Loreto,San Vicente de Huaticocha,1204,1209.0,1204.0,5.0,0.0
